nodes,classes,q,p,graphs,lr,epochs,permutations,dropout,test_accuracy
50,2,0.05,0.7,1000,0.0001,50,True,0,0.9617999792098999
50,2,0.05,0.7,1000,0.0001,50,False,0,0.9423999786376953
50,2,0.05,0.7,1000,0.0001,100,False,0,0.9836000204086304
50,2,0.05,0.7,1000,0.0001,100,True,0.3,0.9643999934196472
50,2,0.10,0.9,1000,0.001,100,True,0.3,0.9453999996185303
100,2,0.1,0.9,1000,0.0001,200,False,0.1,0.9868999719619751
100,3,0.1,0.9,1000,0.0001,100,True,0.1,0.800599992275238
100,2,0.1,0.6,1000,0.0001,100,True,0.3,0.9218999743461609
